{
  "hash": "069b280a",
  "configHash": "51ef98c1",
  "lockfileHash": "f83a85c1",
  "browserHash": "f939af79",
  "optimized": {
    "@angular/common": {
      "src": "../../../../../node_modules/@angular/common/fesm2022/common.mjs",
      "file": "@angular_common.js",
      "fileHash": "3b6fd327",
      "needsInterop": false
    },
    "@angular/core": {
      "src": "../../../../../node_modules/@angular/core/fesm2022/core.mjs",
      "file": "@angular_core.js",
      "fileHash": "aa1c4187",
      "needsInterop": false
    },
    "@angular/platform-browser": {
      "src": "../../../../../node_modules/@angular/platform-browser/fesm2022/platform-browser.mjs",
      "file": "@angular_platform-browser.js",
      "fileHash": "5db27cb0",
      "needsInterop": false
    },
    "@angular/platform-browser/animations/async": {
      "src": "../../../../../node_modules/@angular/platform-browser/fesm2022/animations/async.mjs",
      "file": "@angular_platform-browser_animations_async.js",
      "fileHash": "bfe50e63",
      "needsInterop": false
    },
    "@angular/router": {
      "src": "../../../../../node_modules/@angular/router/fesm2022/router.mjs",
      "file": "@angular_router.js",
      "fileHash": "c7f613bf",
      "needsInterop": false
    },
    "@angular/material/grid-list": {
      "src": "../../../../../node_modules/@angular/material/fesm2022/grid-list.mjs",
      "file": "@angular_material_grid-list.js",
      "fileHash": "f52f4411",
      "needsInterop": false
    },
    "@angular/material/icon": {
      "src": "../../../../../node_modules/@angular/material/fesm2022/icon.mjs",
      "file": "@angular_material_icon.js",
      "fileHash": "a2588a91",
      "needsInterop": false
    },
    "@angular/material/button": {
      "src": "../../../../../node_modules/@angular/material/fesm2022/button.mjs",
      "file": "@angular_material_button.js",
      "fileHash": "f1fc025c",
      "needsInterop": false
    },
    "express": {
      "src": "../../../../../node_modules/express/index.js",
      "file": "express.js",
      "fileHash": "417b828b",
      "needsInterop": true
    },
    "@angular/material/select": {
      "src": "../../../../../node_modules/@angular/material/fesm2022/select.mjs",
      "file": "@angular_material_select.js",
      "fileHash": "d85206fc",
      "needsInterop": false
    },
    "@angular/material/form-field": {
      "src": "../../../../../node_modules/@angular/material/fesm2022/form-field.mjs",
      "file": "@angular_material_form-field.js",
      "fileHash": "569894bf",
      "needsInterop": false
    },
    "@angular/material/sidenav": {
      "src": "../../../../../node_modules/@angular/material/fesm2022/sidenav.mjs",
      "file": "@angular_material_sidenav.js",
      "fileHash": "1a4e6eac",
      "needsInterop": false
    },
    "@angular/material/dialog": {
      "src": "../../../../../node_modules/@angular/material/fesm2022/dialog.mjs",
      "file": "@angular_material_dialog.js",
      "fileHash": "9552b71d",
      "needsInterop": false
    },
    "@angular/material/input": {
      "src": "../../../../../node_modules/@angular/material/fesm2022/input.mjs",
      "file": "@angular_material_input.js",
      "fileHash": "a73bcb52",
      "needsInterop": false
    },
    "@angular/forms": {
      "src": "../../../../../node_modules/@angular/forms/fesm2022/forms.mjs",
      "file": "@angular_forms.js",
      "fileHash": "db293308",
      "needsInterop": false
    },
    "@angular/material/core": {
      "src": "../../../../../node_modules/@angular/material/fesm2022/core.mjs",
      "file": "@angular_material_core.js",
      "fileHash": "566004d7",
      "needsInterop": false
    },
    "@angular/material/snack-bar": {
      "src": "../../../../../node_modules/@angular/material/fesm2022/snack-bar.mjs",
      "file": "@angular_material_snack-bar.js",
      "fileHash": "e6a65d6c",
      "needsInterop": false
    },
    "@angular/material/card": {
      "src": "../../../../../node_modules/@angular/material/fesm2022/card.mjs",
      "file": "@angular_material_card.js",
      "fileHash": "657b0e5d",
      "needsInterop": false
    },
    "@angular/material/list": {
      "src": "../../../../../node_modules/@angular/material/fesm2022/list.mjs",
      "file": "@angular_material_list.js",
      "fileHash": "ad94fa1f",
      "needsInterop": false
    },
    "@angular/material/menu": {
      "src": "../../../../../node_modules/@angular/material/fesm2022/menu.mjs",
      "file": "@angular_material_menu.js",
      "fileHash": "f0916afb",
      "needsInterop": false
    },
    "@angular/material/bottom-sheet": {
      "src": "../../../../../node_modules/@angular/material/fesm2022/bottom-sheet.mjs",
      "file": "@angular_material_bottom-sheet.js",
      "fileHash": "7bda91df",
      "needsInterop": false
    }
  },
  "chunks": {
    "browser-BFTQZM67": {
      "file": "browser-BFTQZM67.js"
    },
    "chunk-5CZAZ5MS": {
      "file": "chunk-5CZAZ5MS.js"
    },
    "chunk-QROJIGUB": {
      "file": "chunk-QROJIGUB.js"
    },
    "chunk-LQEHBRQT": {
      "file": "chunk-LQEHBRQT.js"
    },
    "chunk-NEAK6XGH": {
      "file": "chunk-NEAK6XGH.js"
    },
    "chunk-UUGRZPCP": {
      "file": "chunk-UUGRZPCP.js"
    },
    "chunk-NLOY5T2P": {
      "file": "chunk-NLOY5T2P.js"
    },
    "chunk-VZ2ZQZYU": {
      "file": "chunk-VZ2ZQZYU.js"
    },
    "chunk-3XNKV3YJ": {
      "file": "chunk-3XNKV3YJ.js"
    },
    "chunk-TXDTB5IP": {
      "file": "chunk-TXDTB5IP.js"
    },
    "chunk-SMZVAAAO": {
      "file": "chunk-SMZVAAAO.js"
    },
    "chunk-7I55IJCZ": {
      "file": "chunk-7I55IJCZ.js"
    },
    "chunk-T3SB5YGF": {
      "file": "chunk-T3SB5YGF.js"
    },
    "chunk-X6JV76XL": {
      "file": "chunk-X6JV76XL.js"
    }
  }
}