{
  "hash": "629454fc",
  "configHash": "0a76e8cd",
  "lockfileHash": "1a1911df",
  "browserHash": "c0a67635",
  "optimized": {
    "@angular/common": {
      "src": "../../../../../node_modules/@angular/common/fesm2022/common.mjs",
      "file": "@angular_common.js",
      "fileHash": "bc356642",
      "needsInterop": false
    },
    "@angular/common/http": {
      "src": "../../../../../node_modules/@angular/common/fesm2022/http.mjs",
      "file": "@angular_common_http.js",
      "fileHash": "c979f1eb",
      "needsInterop": false
    },
    "@angular/core": {
      "src": "../../../../../node_modules/@angular/core/fesm2022/core.mjs",
      "file": "@angular_core.js",
      "fileHash": "61e51117",
      "needsInterop": false
    },
    "@angular/forms": {
      "src": "../../../../../node_modules/@angular/forms/fesm2022/forms.mjs",
      "file": "@angular_forms.js",
      "fileHash": "190e6591",
      "needsInterop": false
    },
    "@angular/material/bottom-sheet": {
      "src": "../../../../../node_modules/@angular/material/fesm2022/bottom-sheet.mjs",
      "file": "@angular_material_bottom-sheet.js",
      "fileHash": "964ca0aa",
      "needsInterop": false
    },
    "@angular/material/button": {
      "src": "../../../../../node_modules/@angular/material/fesm2022/button.mjs",
      "file": "@angular_material_button.js",
      "fileHash": "4b259c09",
      "needsInterop": false
    },
    "@angular/material/card": {
      "src": "../../../../../node_modules/@angular/material/fesm2022/card.mjs",
      "file": "@angular_material_card.js",
      "fileHash": "df658ae1",
      "needsInterop": false
    },
    "@angular/material/core": {
      "src": "../../../../../node_modules/@angular/material/fesm2022/core.mjs",
      "file": "@angular_material_core.js",
      "fileHash": "0561806b",
      "needsInterop": false
    },
    "@angular/material/dialog": {
      "src": "../../../../../node_modules/@angular/material/fesm2022/dialog.mjs",
      "file": "@angular_material_dialog.js",
      "fileHash": "19d0b944",
      "needsInterop": false
    },
    "@angular/material/form-field": {
      "src": "../../../../../node_modules/@angular/material/fesm2022/form-field.mjs",
      "file": "@angular_material_form-field.js",
      "fileHash": "022b5c6b",
      "needsInterop": false
    },
    "@angular/material/grid-list": {
      "src": "../../../../../node_modules/@angular/material/fesm2022/grid-list.mjs",
      "file": "@angular_material_grid-list.js",
      "fileHash": "50be3a02",
      "needsInterop": false
    },
    "@angular/material/icon": {
      "src": "../../../../../node_modules/@angular/material/fesm2022/icon.mjs",
      "file": "@angular_material_icon.js",
      "fileHash": "5bcbe332",
      "needsInterop": false
    },
    "@angular/material/input": {
      "src": "../../../../../node_modules/@angular/material/fesm2022/input.mjs",
      "file": "@angular_material_input.js",
      "fileHash": "98f4e6ab",
      "needsInterop": false
    },
    "@angular/material/list": {
      "src": "../../../../../node_modules/@angular/material/fesm2022/list.mjs",
      "file": "@angular_material_list.js",
      "fileHash": "efb0a4ae",
      "needsInterop": false
    },
    "@angular/material/menu": {
      "src": "../../../../../node_modules/@angular/material/fesm2022/menu.mjs",
      "file": "@angular_material_menu.js",
      "fileHash": "9ed25e4e",
      "needsInterop": false
    },
    "@angular/material/select": {
      "src": "../../../../../node_modules/@angular/material/fesm2022/select.mjs",
      "file": "@angular_material_select.js",
      "fileHash": "1d1df94f",
      "needsInterop": false
    },
    "@angular/material/sidenav": {
      "src": "../../../../../node_modules/@angular/material/fesm2022/sidenav.mjs",
      "file": "@angular_material_sidenav.js",
      "fileHash": "115d2d32",
      "needsInterop": false
    },
    "@angular/material/snack-bar": {
      "src": "../../../../../node_modules/@angular/material/fesm2022/snack-bar.mjs",
      "file": "@angular_material_snack-bar.js",
      "fileHash": "35fddddf",
      "needsInterop": false
    },
    "@angular/platform-browser": {
      "src": "../../../../../node_modules/@angular/platform-browser/fesm2022/platform-browser.mjs",
      "file": "@angular_platform-browser.js",
      "fileHash": "193f2c24",
      "needsInterop": false
    },
    "@angular/platform-browser/animations/async": {
      "src": "../../../../../node_modules/@angular/platform-browser/fesm2022/animations/async.mjs",
      "file": "@angular_platform-browser_animations_async.js",
      "fileHash": "d97a7b51",
      "needsInterop": false
    },
    "@angular/router": {
      "src": "../../../../../node_modules/@angular/router/fesm2022/router.mjs",
      "file": "@angular_router.js",
      "fileHash": "4ef9e5ed",
      "needsInterop": false
    }
  },
  "chunks": {
    "browser-5D2MID6K": {
      "file": "browser-5D2MID6K.js"
    },
    "chunk-2AHYP6F7": {
      "file": "chunk-2AHYP6F7.js"
    },
    "chunk-65C376ML": {
      "file": "chunk-65C376ML.js"
    },
    "chunk-VOIYABEE": {
      "file": "chunk-VOIYABEE.js"
    },
    "chunk-4YBRSSEO": {
      "file": "chunk-4YBRSSEO.js"
    },
    "chunk-YFF4KOTG": {
      "file": "chunk-YFF4KOTG.js"
    },
    "chunk-CUWM55TR": {
      "file": "chunk-CUWM55TR.js"
    },
    "chunk-KQCQ3GDZ": {
      "file": "chunk-KQCQ3GDZ.js"
    },
    "chunk-5GOWYET3": {
      "file": "chunk-5GOWYET3.js"
    },
    "chunk-GPCH3TUI": {
      "file": "chunk-GPCH3TUI.js"
    },
    "chunk-L3LXUGCX": {
      "file": "chunk-L3LXUGCX.js"
    },
    "chunk-BNAMBOOW": {
      "file": "chunk-BNAMBOOW.js"
    },
    "chunk-TI6OZO4Z": {
      "file": "chunk-TI6OZO4Z.js"
    },
    "chunk-PEM2YQ3Z": {
      "file": "chunk-PEM2YQ3Z.js"
    }
  }
}